Month_Index,Current_Age_Year,Current_Age_Month,Is_Alive_Year_Start,Prob_Survival_To_Year_Start,Discount_Factor,Stream_Early_Cashflow,Stream_Early_PV,Stream_Delayed_Cashflow,Stream_Delayed_PV
0,55,0,55,1.000000,1.000000,0.0,0.0000,0.00,0.0000
1,55,1,55,1.000000,0.997540,0.0,0.0000,0.00,0.0000
2,55,2,55,1.000000,0.995086,0.0,0.0000,0.00,0.0000
3,55,3,55,1.000000,0.992638,0.0,0.0000,0.00,0.0000
4,55,4,55,1.000000,0.990195,0.0,0.0000,0.00,0.0000
5,55,5,55,1.000000,0.987759,0.0,0.0000,0.00,0.0000
6,55,6,55,1.000000,0.985329,0.0,0.0000,0.00,0.0000
7,55,7,55,1.000000,0.982905,0.0,0.0000,0.00,0.0000
8,55,8,55,1.000000,0.980487,0.0,0.0000,0.00,0.0000
9,55,9,55,1.000000,0.978075,0.0,0.0000,0.00,0.0000
10,55,10,55,1.000000,0.975669,0.0,0.0000,0.00,0.0000
11,55,11,55,1.000000,0.973268,0.0,0.0000,0.00,0.0000
12,56,0,56,0.996100,0.970874,0.0,0.0000,0.00,0.0000
13,56,1,56,0.996100,0.968485,0.0,0.0000,0.00,0.0000
14,56,2,56,0.996100,0.966103,0.0,0.0000,0.00,0.0000
15,56,3,56,0.996100,0.963726,0.0,0.0000,0.00,0.0000
16,56,4,56,0.996100,0.961355,0.0,0.0000,0.00,0.0000
17,56,5,56,0.996100,0.958990,0.0,0.0000,0.00,0.0000
18,56,6,56,0.996100,0.956630,0.0,0.0000,0.00,0.0000
19,56,7,56,0.996100,0.954277,0.0,0.0000,0.00,0.0000
20,56,8,56,0.996100,0.951929,0.0,0.0000,0.00,0.0000
21,56,9,56,0.996100,0.949587,0.0,0.0000,0.00,0.0000
22,56,10,56,0.996100,0.947251,0.0,0.0000,0.00,0.0000
23,56,11,56,0.996100,0.944921,0.0,0.0000,0.00,0.0000
24,57,0,57,0.991817,0.942596,0.0,0.0000,0.00,0.0000
25,57,1,57,0.991817,0.940277,0.0,0.0000,0.00,0.0000
26,57,2,57,0.991817,0.937964,0.0,0.0000,0.00,0.0000
27,57,3,57,0.991817,0.935656,0.0,0.0000,0.00,0.0000
28,57,4,57,0.991817,0.933354,0.0,0.0000,0.00,0.0000
29,57,5,57,0.991817,0.931058,0.0,0.0000,0.00,0.0000
30,57,6,57,0.991817,0.928767,0.0,0.0000,0.00,0.0000
31,57,7,57,0.991817,0.926482,0.0,0.0000,0.00,0.0000
32,57,8,57,0.991817,0.924203,0.0,0.0000,0.00,0.0000
33,57,9,57,0.991817,0.921929,0.0,0.0000,0.00,0.0000
34,57,10,57,0.991817,0.919661,0.0,0.0000,0.00,0.0000
35,57,11,57,0.991817,0.917399,0.0,0.0000,0.00,0.0000
36,58,0,58,0.987155,0.915142,0.0,0.0000,0.00,0.0000
37,58,1,58,0.987155,0.912890,0.0,0.0000,0.00,0.0000
38,58,2,58,0.987155,0.910644,0.0,0.0000,0.00,0.0000
39,58,3,58,0.987155,0.908404,0.0,0.0000,0.00,0.0000
40,58,4,58,0.987155,0.906169,0.0,0.0000,0.00,0.0000
41,58,5,58,0.987155,0.903940,0.0,0.0000,0.00,0.0000
42,58,6,58,0.987155,0.901716,0.0,0.0000,0.00,0.0000
43,58,7,58,0.987155,0.899497,0.0,0.0000,0.00,0.0000
44,58,8,58,0.987155,0.897285,0.0,0.0000,0.00,0.0000
45,58,9,58,0.987155,0.895077,0.0,0.0000,0.00,0.0000
46,58,10,58,0.987155,0.892875,0.0,0.0000,0.00,0.0000
47,58,11,58,0.987155,0.890678,0.0,0.0000,0.00,0.0000
48,59,0,59,0.982121,0.888487,0.0,0.0000,0.00,0.0000
49,59,1,59,0.982121,0.886301,0.0,0.0000,0.00,0.0000
50,59,2,59,0.982121,0.884121,0.0,0.0000,0.00,0.0000
51,59,3,59,0.982121,0.881946,0.0,0.0000,0.00,0.0000
52,59,4,59,0.982121,0.879776,0.0,0.0000,0.00,0.0000
53,59,5,59,0.982121,0.877611,0.0,0.0000,0.00,0.0000
54,59,6,59,0.982121,0.875452,0.0,0.0000,0.00,0.0000
55,59,7,59,0.982121,0.873299,0.0,0.0000,0.00,0.0000
56,59,8,59,0.982121,0.871150,0.0,0.0000,0.00,0.0000
57,59,9,59,0.982121,0.869007,0.0,0.0000,0.00,0.0000
58,59,10,59,0.982121,0.866869,0.0,0.0000,0.00,0.0000
59,59,11,59,0.982121,0.864736,0.0,0.0000,0.00,0.0000
60,60,0,60,0.976621,0.862609,0.0,0.0000,0.00,0.0000
61,60,1,60,0.976621,0.860487,0.0,0.0000,0.00,0.0000
62,60,2,60,0.976621,0.858370,0.0,0.0000,0.00,0.0000
63,60,3,60,0.976621,0.856258,0.0,0.0000,0.00,0.0000
64,60,4,60,0.976621,0.854151,0.0,0.0000,0.00,0.0000
65,60,5,60,0.976621,0.852050,0.0,0.0000,0.00,0.0000
66,60,6,60,0.976621,0.849954,0.0,0.0000,0.00,0.0000
67,60,7,60,0.976621,0.847863,0.0,0.0000,0.00,0.0000
68,60,8,60,0.976621,0.845777,0.0,0.0000,0.00,0.0000
69,60,9,60,0.976621,0.843696,0.0,0.0000,0.00,0.0000
70,60,10,60,0.976621,0.841620,0.0,0.0000,0.00,0.0000
71,60,11,60,0.976621,0.839550,0.0,0.0000,0.00,0.0000
72,61,0,61,0.970663,0.837484,0.0,0.0000,0.00,0.0000
73,61,1,61,0.970663,0.835424,0.0,0.0000,0.00,0.0000
74,61,2,61,0.970663,0.833369,0.0,0.0000,0.00,0.0000
75,61,3,61,0.970663,0.831318,0.0,0.0000,0.00,0.0000
76,61,4,61,0.970663,0.829273,0.0,0.0000,0.00,0.0000
77,61,5,61,0.970663,0.827233,0.0,0.0000,0.00,0.0000
78,61,6,61,0.970663,0.825198,0.0,0.0000,0.00,0.0000
79,61,7,61,0.970663,0.823168,0.0,0.0000,0.00,0.0000
80,61,8,61,0.970663,0.821142,0.0,0.0000,0.00,0.0000
81,61,9,61,0.970663,0.819122,0.0,0.0000,0.00,0.0000
82,61,10,61,0.970663,0.817107,0.0,0.0000,0.00,0.0000
83,61,11,61,0.970663,0.815097,0.0,0.0000,0.00,0.0000
84,62,0,62,0.964063,0.813092,0.0,0.0000,0.00,0.0000
85,62,1,62,0.964063,0.811091,0.0,0.0000,0.00,0.0000
86,62,2,62,0.964063,0.809096,0.0,0.0000,0.00,0.0000
87,62,3,62,0.964063,0.807105,0.0,0.0000,0.00,0.0000
88,62,4,62,0.964063,0.805120,0.0,0.0000,0.00,0.0000
89,62,5,62,0.964063,0.803139,0.0,0.0000,0.00,0.0000
90,62,6,62,0.964063,0.801163,0.0,0.0000,0.00,0.0000
91,62,7,62,0.964063,0.799192,0.0,0.0000,0.00,0.0000
92,62,8,62,0.964063,0.797226,0.0,0.0000,0.00,0.0000
93,62,9,62,0.964063,0.795264,0.0,0.0000,0.00,0.0000
94,62,10,62,0.964063,0.793308,0.0,0.0000,0.00,0.0000
95,62,11,62,0.964063,0.791356,0.0,0.0000,0.00,0.0000
96,63,0,63,0.956929,0.789409,0.0,0.0000,0.00,0.0000
97,63,1,63,0.956929,0.787467,0.0,0.0000,0.00,0.0000
98,63,2,63,0.956929,0.785530,0.0,0.0000,0.00,0.0000
99,63,3,63,0.956929,0.783597,0.0,0.0000,0.00,0.0000
100,63,4,63,0.956929,0.781669,0.0,0.0000,0.00,0.0000
101,63,5,63,0.956929,0.779746,0.0,0.0000,0.00,0.0000
102,63,6,63,0.956929,0.777828,0.0,0.0000,0.00,0.0000
103,63,7,63,0.956929,0.775914,0.0,0.0000,0.00,0.0000
104,63,8,63,0.956929,0.774006,0.0,0.0000,0.00,0.0000
105,63,9,63,0.956929,0.772101,0.0,0.0000,0.00,0.0000
106,63,10,63,0.956929,0.770202,0.0,0.0000,0.00,0.0000
107,63,11,63,0.956929,0.768307,0.0,0.0000,0.00,0.0000
108,64,0,64,0.949082,0.766417,0.0,0.0000,0.00,0.0000
109,64,1,64,0.949082,0.764531,0.0,0.0000,0.00,0.0000
110,64,2,64,0.949082,0.762650,0.0,0.0000,0.00,0.0000
111,64,3,64,0.949082,0.760774,0.0,0.0000,0.00,0.0000
112,64,4,64,0.949082,0.758902,0.0,0.0000,0.00,0.0000
113,64,5,64,0.949082,0.757035,0.0,0.0000,0.00,0.0000
114,64,6,64,0.949082,0.755173,0.0,0.0000,0.00,0.0000
115,64,7,64,0.949082,0.753315,0.0,0.0000,0.00,0.0000
116,64,8,64,0.949082,0.751462,0.0,0.0000,0.00,0.0000
117,64,9,64,0.949082,0.749613,0.0,0.0000,0.00,0.0000
118,64,10,64,0.949082,0.747769,0.0,0.0000,0.00,0.0000
119,64,11,64,0.949082,0.745929,0.0,0.0000,0.00,0.0000
120,65,0,65,0.940540,0.744094,1000.0,699.8503,0.00,0.0000
121,65,1,65,0.940540,0.742263,1000.0,698.1286,0.00,0.0000
122,65,2,65,0.940540,0.740437,1000.0,696.4110,0.00,0.0000
123,65,3,65,0.940540,0.738616,1000.0,694.6977,0.00,0.0000
124,65,4,65,0.940540,0.736798,1000.0,692.9886,0.00,0.0000
125,65,5,65,0.940540,0.734986,1000.0,691.2837,0.00,0.0000
126,65,6,65,0.940540,0.733178,1000.0,689.5830,0.00,0.0000
127,65,7,65,0.940540,0.731374,1000.0,687.8865,0.00,0.0000
128,65,8,65,0.940540,0.729574,1000.0,686.1942,0.00,0.0000
129,65,9,65,0.940540,0.727780,1000.0,684.5060,0.00,0.0000
130,65,10,65,0.940540,0.725989,1000.0,682.8220,0.00,0.0000
131,65,11,65,0.940540,0.724203,1000.0,681.1421,0.00,0.0000
132,66,0,66,0.931323,0.722421,1000.0,672.8076,0.00,0.0000
133,66,1,66,0.931323,0.720644,1000.0,671.1523,0.00,0.0000
134,66,2,66,0.931323,0.718871,1000.0,669.5012,0.00,0.0000
135,66,3,66,0.931323,0.717102,1000.0,667.8541,0.00,0.0000
136,66,4,66,0.931323,0.715338,1000.0,666.2110,0.00,0.0000
137,66,5,66,0.931323,0.713578,1000.0,664.5720,0.00,0.0000
138,66,6,66,0.931323,0.711823,1000.0,662.9370,0.00,0.0000
139,66,7,66,0.931323,0.710072,1000.0,661.3061,0.00,0.0000
140,66,8,66,0.931323,0.708325,1000.0,659.6791,0.00,0.0000
141,66,9,66,0.931323,0.706582,1000.0,658.0562,0.00,0.0000
142,66,10,66,0.931323,0.704844,1000.0,656.4372,0.00,0.0000
143,66,11,66,0.931323,0.703110,1000.0,654.8222,0.00,0.0000
144,67,0,67,0.921265,0.701380,1000.0,646.1566,0.00,0.0000
145,67,1,67,0.921265,0.699654,1000.0,644.5669,0.00,0.0000
146,67,2,67,0.921265,0.697933,1000.0,642.9811,0.00,0.0000
147,67,3,67,0.921265,0.696216,1000.0,641.3993,0.00,0.0000
148,67,4,67,0.921265,0.694503,1000.0,639.8213,0.00,0.0000
149,67,5,67,0.921265,0.692795,1000.0,638.2472,0.00,0.0000
150,67,6,67,0.921265,0.691090,1000.0,636.6770,0.00,0.0000
151,67,7,67,0.921265,0.689390,1000.0,635.1106,0.00,0.0000
152,67,8,67,0.921265,0.687694,1000.0,633.5481,0.00,0.0000
153,67,9,67,0.921265,0.686002,1000.0,631.9895,0.00,0.0000
154,67,10,67,0.921265,0.684314,1000.0,630.4346,0.00,0.0000
155,67,11,67,0.921265,0.682631,1000.0,628.8837,0.00,0.0000
156,68,0,68,0.910302,0.680951,1000.0,619.8712,0.00,0.0000
157,68,1,68,0.910302,0.679276,1000.0,618.3462,0.00,0.0000
158,68,2,68,0.910302,0.677605,1000.0,616.8249,0.00,0.0000
159,68,3,68,0.910302,0.675938,1000.0,615.3074,0.00,0.0000
160,68,4,68,0.910302,0.674275,1000.0,613.7936,0.00,0.0000
161,68,5,68,0.910302,0.672616,1000.0,612.2836,0.00,0.0000
162,68,6,68,0.910302,0.670961,1000.0,610.7772,0.00,0.0000
163,68,7,68,0.910302,0.669311,1000.0,609.2746,0.00,0.0000
164,68,8,68,0.910302,0.667664,1000.0,607.7756,0.00,0.0000
165,68,9,68,0.910302,0.666021,1000.0,606.2804,0.00,0.0000
166,68,10,68,0.910302,0.664383,1000.0,604.7888,0.00,0.0000
167,68,11,68,0.910302,0.662748,1000.0,603.3009,0.00,0.0000
168,69,0,69,0.898468,0.661118,1000.0,593.9931,0.00,0.0000
169,69,1,69,0.898468,0.659491,1000.0,592.5317,0.00,0.0000
170,69,2,69,0.898468,0.657869,1000.0,591.0740,0.00,0.0000
171,69,3,69,0.898468,0.656250,1000.0,589.6198,0.00,0.0000
172,69,4,69,0.898468,0.654636,1000.0,588.1692,0.00,0.0000
173,69,5,69,0.898468,0.653025,1000.0,586.7222,0.00,0.0000
174,69,6,69,0.898468,0.651419,1000.0,585.2787,0.00,0.0000
175,69,7,69,0.898468,0.649816,1000.0,583.8388,0.00,0.0000
176,69,8,69,0.898468,0.648217,1000.0,582.4025,0.00,0.0000
177,69,9,69,0.898468,0.646623,1000.0,580.9697,0.00,0.0000
178,69,10,69,0.898468,0.645032,1000.0,579.5403,0.00,0.0000
179,69,11,69,0.898468,0.643445,1000.0,578.1146,0.00,0.0000
180,70,0,70,0.885530,0.641862,1000.0,568.3879,1499.84,852.4893
181,70,1,70,0.885530,0.640283,1000.0,566.9896,1499.84,850.3920
182,70,2,70,0.885530,0.638708,1000.0,565.5947,1499.84,848.2999
183,70,3,70,0.885530,0.637136,1000.0,564.2032,1499.84,846.2129
184,70,4,70,0.885530,0.635569,1000.0,562.8151,1499.84,844.1311
185,70,5,70,0.885530,0.634005,1000.0,561.4305,1499.84,842.0543
186,70,6,70,0.885530,0.632445,1000.0,560.0493,1499.84,839.9827
187,70,7,70,0.885530,0.630889,1000.0,558.6714,1499.84,837.9162
188,70,8,70,0.885530,0.629337,1000.0,557.2970,1499.84,835.8547
189,70,9,70,0.885530,0.627789,1000.0,555.9259,1499.84,833.7984
190,70,10,70,0.885530,0.626245,1000.0,554.5582,1499.84,831.7471
191,70,11,70,0.885530,0.624704,1000.0,553.1939,1499.84,829.7008
192,71,0,71,0.871538,0.623167,1000.0,543.1140,1499.84,814.5825
193,71,1,71,0.871538,0.621634,1000.0,541.7778,1499.84,812.5785
194,71,2,71,0.871538,0.620104,1000.0,540.4449,1499.84,810.5794
195,71,3,71,0.871538,0.618579,1000.0,539.1153,1499.84,808.5852
196,71,4,71,0.871538,0.617057,1000.0,537.7890,1499.84,806.5959
197,71,5,71,0.871538,0.615539,1000.0,536.4659,1499.84,804.6115
198,71,6,71,0.871538,0.614025,1000.0,535.1461,1499.84,802.6320
199,71,7,71,0.871538,0.612514,1000.0,533.8295,1499.84,800.6574
200,71,8,71,0.871538,0.611007,1000.0,532.5162,1499.84,798.6876
201,71,9,71,0.871538,0.609504,1000.0,531.2061,1499.84,796.7227
202,71,10,71,0.871538,0.608004,1000.0,529.8992,1499.84,794.7626
203,71,11,71,0.871538,0.606509,1000.0,528.5956,1499.84,792.8073
204,72,0,72,0.856199,0.605016,1000.0,518.0147,1499.84,776.9377
205,72,1,72,0.856199,0.603528,1000.0,516.7403,1499.84,775.0263
206,72,2,72,0.856199,0.602043,1000.0,515.4690,1499.84,773.1196
207,72,3,72,0.856199,0.600562,1000.0,514.2009,1499.84,771.2176
208,72,4,72,0.856199,0.599085,1000.0,512.9358,1499.84,769.3202
209,72,5,72,0.856199,0.597611,1000.0,511.6739,1499.84,767.4275
210,72,6,72,0.856199,0.596140,1000.0,510.4151,1499.84,765.5395
211,72,7,72,0.856199,0.594674,1000.0,509.1593,1499.84,763.6561
212,72,8,72,0.856199,0.593211,1000.0,507.9067,1499.84,761.7774
213,72,9,72,0.856199,0.591751,1000.0,506.6572,1499.84,759.9033
214,72,10,72,0.856199,0.590296,1000.0,505.4107,1499.84,758.0337
215,72,11,72,0.856199,0.588843,1000.0,504.1673,1499.84,756.1688
216,73,0,73,0.839589,0.587395,1000.0,493.1701,1499.84,739.6749
217,73,1,73,0.839589,0.585949,1000.0,491.9568,1499.84,737.8552
218,73,2,73,0.839589,0.584508,1000.0,490.7465,1499.84,736.0399
219,73,3,73,0.839589,0.583070,1000.0,489.5392,1499.84,734.2291
220,73,4,73,0.839589,0.581635,1000.0,488.3348,1499.84,732.4227
221,73,5,73,0.839589,0.580205,1000.0,487.1334,1499.84,730.6208
222,73,6,73,0.839589,0.578777,1000.0,485.9350,1499.84,728.8233
223,73,7,73,0.839589,0.577353,1000.0,484.7395,1499.84,727.0303
224,73,8,73,0.839589,0.575933,1000.0,483.5469,1499.84,725.2416
225,73,9,73,0.839589,0.574516,1000.0,482.3573,1499.84,723.4574
226,73,10,73,0.839589,0.573102,1000.0,481.1706,1499.84,721.6776
227,73,11,73,0.839589,0.571693,1000.0,479.9868,1499.84,719.9021
228,74,0,74,0.821622,0.570286,1000.0,468.5595,1499.84,702.7630
229,74,1,74,0.821622,0.568883,1000.0,467.4068,1499.84,701.0340
230,74,2,74,0.821622,0.567483,1000.0,466.2568,1499.84,699.3094
231,74,3,74,0.821622,0.566087,1000.0,465.1098,1499.84,697.5889
232,74,4,74,0.821622,0.564695,1000.0,463.9655,1499.84,695.8727
233,74,5,74,0.821622,0.563305,1000.0,462.8240,1499.84,694.1607
234,74,6,74,0.821622,0.561920,1000.0,461.6854,1499.84,692.4529
235,74,7,74,0.821622,0.560537,1000.0,460.5496,1499.84,690.7494
236,74,8,74,0.821622,0.559158,1000.0,459.4165,1499.84,689.0500
237,74,9,74,0.821622,0.557782,1000.0,458.2863,1499.84,687.3548
238,74,10,74,0.821622,0.556410,1000.0,457.1588,1499.84,685.6637
239,74,11,74,0.821622,0.555041,1000.0,456.0341,1499.84,683.9769
240,75,0,75,0.802149,0.553676,1000.0,444.1307,1499.84,666.1238
241,75,1,75,0.802149,0.552314,1000.0,443.0381,1499.84,664.4850
242,75,2,75,0.802149,0.550955,1000.0,441.9481,1499.84,662.8502
243,75,3,75,0.802149,0.549599,1000.0,440.8608,1499.84,661.2195
244,75,4,75,0.802149,0.548247,1000.0,439.7762,1499.84,659.5927
245,75,5,75,0.802149,0.546898,1000.0,438.6943,1499.84,657.9700
246,75,6,75,0.802149,0.545553,1000.0,437.6150,1499.84,656.3513
247,75,7,75,0.802149,0.544211,1000.0,436.5384,1499.84,654.7365
248,75,8,75,0.802149,0.542872,1000.0,435.4644,1499.84,653.1257
249,75,9,75,0.802149,0.541536,1000.0,434.3931,1499.84,651.5189
250,75,10,75,0.802149,0.540204,1000.0,433.3244,1499.84,649.9160
251,75,11,75,0.802149,0.538875,1000.0,432.2583,1499.84,648.3171
252,76,0,76,0.781133,0.537549,1000.0,419.8976,1499.84,629.7780
253,76,1,76,0.781133,0.536227,1000.0,418.8645,1499.84,628.2286
254,76,2,76,0.781133,0.534908,1000.0,417.8340,1499.84,626.6830
255,76,3,76,0.781133,0.533592,1000.0,416.8061,1499.84,625.1413
256,76,4,76,0.781133,0.532279,1000.0,415.7807,1499.84,623.6033
257,76,5,76,0.781133,0.530969,1000.0,414.7578,1499.84,622.0691
258,76,6,76,0.781133,0.529663,1000.0,413.7374,1499.84,620.5387
259,76,7,76,0.781133,0.528360,1000.0,412.7195,1499.84,619.0120
260,76,8,76,0.781133,0.527060,1000.0,411.7041,1499.84,617.4892
261,76,9,76,0.781133,0.525763,1000.0,410.6912,1499.84,615.9700
262,76,10,76,0.781133,0.524470,1000.0,409.6809,1499.84,614.4546
263,76,11,76,0.781133,0.523180,1000.0,408.6730,1499.84,612.9429
264,77,0,77,0.758402,0.521893,1000.0,395.8044,1499.84,593.6422
265,77,1,77,0.758402,0.520609,1000.0,394.8307,1499.84,592.1817
266,77,2,77,0.758402,0.519328,1000.0,393.8593,1499.84,590.7248
267,77,3,77,0.758402,0.518050,1000.0,392.8903,1499.84,589.2715
268,77,4,77,0.758402,0.516776,1000.0,391.9237,1499.84,587.8218
269,77,5,77,0.758402,0.515504,1000.0,390.9595,1499.84,586.3756
270,77,6,77,0.758402,0.514236,1000.0,389.9977,1499.84,584.9330
271,77,7,77,0.758402,0.512971,1000.0,389.0382,1499.84,583.4940
272,77,8,77,0.758402,0.511709,1000.0,388.0811,1499.84,582.0585
273,77,9,77,0.758402,0.510450,1000.0,387.1263,1499.84,580.6265
274,77,10,77,0.758402,0.509194,1000.0,386.1739,1499.84,579.1980
275,77,11,77,0.758402,0.507941,1000.0,385.2239,1499.84,577.7731
276,78,0,78,0.733906,0.506692,1000.0,371.8640,1499.84,557.7355
277,78,1,78,0.733906,0.505445,1000.0,370.9492,1499.84,556.3633
278,78,2,78,0.733906,0.504202,1000.0,370.0365,1499.84,554.9946
279,78,3,78,0.733906,0.502961,1000.0,369.1262,1499.84,553.6292
280,78,4,78,0.733906,0.501724,1000.0,368.2181,1499.84,552.2671
281,78,5,78,0.733906,0.500490,1000.0,367.3122,1499.84,550.9084
282,78,6,78,0.733906,0.499258,1000.0,366.4085,1499.84,549.5531
283,78,7,78,0.733906,0.498030,1000.0,365.5071,1499.84,548.2011
284,78,8,78,0.733906,0.496805,1000.0,364.6078,1499.84,546.8524
285,78,9,78,0.733906,0.495582,1000.0,363.7108,1499.84,545.5070
286,78,10,78,0.733906,0.494363,1000.0,362.8160,1499.84,544.1650
287,78,11,78,0.733906,0.493147,1000.0,361.9234,1499.84,542.8262
288,79,0,79,0.707632,0.491934,1000.0,348.1080,1499.84,522.1054
289,79,1,79,0.707632,0.490723,1000.0,347.2516,1499.84,520.8209
290,79,2,79,0.707632,0.489516,1000.0,346.3973,1499.84,519.5396
291,79,3,79,0.707632,0.488312,1000.0,345.5451,1499.84,518.2614
292,79,4,79,0.707632,0.487111,1000.0,344.6950,1499.84,516.9864
293,79,5,79,0.707632,0.485912,1000.0,343.8470,1499.84,515.7145
294,79,6,79,0.707632,0.484717,1000.0,343.0010,1499.84,514.4457
295,79,7,79,0.707632,0.483524,1000.0,342.1572,1499.84,513.1801
296,79,8,79,0.707632,0.482335,1000.0,341.3154,1499.84,511.9176
297,79,9,79,0.707632,0.481148,1000.0,340.4757,1499.84,510.6581
298,79,10,79,0.707632,0.479964,1000.0,339.6381,1499.84,509.4018
299,79,11,79,0.707632,0.478783,1000.0,338.8025,1499.84,508.1486
300,80,0,80,0.679539,0.477606,1000.0,324.5516,1499.84,486.7746
301,80,1,80,0.679539,0.476431,1000.0,323.7531,1499.84,485.5770
302,80,2,80,0.679539,0.475258,1000.0,322.9566,1499.84,484.3824
303,80,3,80,0.679539,0.474089,1000.0,322.1621,1499.84,483.1907
304,80,4,80,0.679539,0.472923,1000.0,321.3695,1499.84,482.0020
305,80,5,80,0.679539,0.471759,1000.0,320.5789,1499.84,480.8161
306,80,6,80,0.679539,0.470599,1000.0,319.7902,1499.84,479.6332
307,80,7,80,0.679539,0.469441,1000.0,319.0034,1499.84,478.4532
308,80,8,80,0.679539,0.468286,1000.0,318.2186,1499.84,477.2761
309,80,9,80,0.679539,0.467134,1000.0,317.4358,1499.84,476.1020
310,80,10,80,0.679539,0.465985,1000.0,316.6548,1499.84,474.9306
311,80,11,80,0.679539,0.464838,1000.0,315.8758,1499.84,473.7622
312,81,0,81,0.649571,0.463695,1000.0,301.2028,1499.84,451.7552
313,81,1,81,0.649571,0.462554,1000.0,300.4618,1499.84,450.6437
314,81,2,81,0.649571,0.461416,1000.0,299.7226,1499.84,449.5351
315,81,3,81,0.649571,0.460281,1000.0,298.9852,1499.84,448.4291
316,81,4,81,0.649571,0.459148,1000.0,298.2496,1499.84,447.3259
317,81,5,81,0.649571,0.458019,1000.0,297.5159,1499.84,446.2254
318,81,6,81,0.649571,0.456892,1000.0,296.7839,1499.84,445.1276
319,81,7,81,0.649571,0.455768,1000.0,296.0538,1499.84,444.0325
320,81,8,81,0.649571,0.454647,1000.0,295.3254,1499.84,442.9401
321,81,9,81,0.649571,0.453528,1000.0,294.5989,1499.84,441.8503
322,81,10,81,0.649571,0.452412,1000.0,293.8741,1499.84,440.7633
323,81,11,81,0.649571,0.451299,1000.0,293.1511,1499.84,439.6789
324,82,0,82,0.618262,0.450189,1000.0,278.3348,1499.84,417.4569
325,82,1,82,0.618262,0.449081,1000.0,277.6500,1499.84,416.4298
326,82,2,82,0.618262,0.447977,1000.0,276.9669,1499.84,415.4053
327,82,3,82,0.618262,0.446875,1000.0,276.2855,1499.84,414.3833
328,82,4,82,0.618262,0.445775,1000.0,275.6058,1499.84,413.3639
329,82,5,82,0.618262,0.444678,1000.0,274.9278,1499.84,412.3469
330,82,6,82,0.618262,0.443584,1000.0,274.2514,1499.84,411.3325
331,82,7,82,0.618262,0.442493,1000.0,273.5767,1499.84,410.3205
332,82,8,82,0.618262,0.441405,1000.0,272.9036,1499.84,409.3110
333,82,9,82,0.618262,0.440319,1000.0,272.2322,1499.84,408.3040
334,82,10,82,0.618262,0.439235,1000.0,271.5625,1499.84,407.2995
335,82,11,82,0.618262,0.438155,1000.0,270.8944,1499.84,406.2975
336,83,0,83,0.585123,0.437077,1000.0,255.7437,1499.84,383.5739
337,83,1,83,0.585123,0.436001,1000.0,255.1145,1499.84,382.6303
338,83,2,83,0.585123,0.434929,1000.0,254.4869,1499.84,381.6889
339,83,3,83,0.585123,0.433859,1000.0,253.8608,1499.84,380.7499
340,83,4,83,0.585123,0.432791,1000.0,253.2363,1499.84,379.8132
341,83,5,83,0.585123,0.431727,1000.0,252.6133,1499.84,378.8788
342,83,6,83,0.585123,0.430665,1000.0,251.9918,1499.84,377.9466
343,83,7,83,0.585123,0.429605,1000.0,251.3718,1499.84,377.0168
344,83,8,83,0.585123,0.428548,1000.0,250.7534,1499.84,376.0893
345,83,9,83,0.585123,0.427494,1000.0,250.1365,1499.84,375.1640
346,83,10,83,0.585123,0.426442,1000.0,249.5211,1499.84,374.2410
347,83,11,83,0.585123,0.425393,1000.0,248.9072,1499.84,373.3203
348,84,0,84,0.550191,0.424346,1000.0,233.4717,1499.84,350.1695
349,84,1,84,0.550191,0.423302,1000.0,232.8973,1499.84,349.3080
350,84,2,84,0.550191,0.422261,1000.0,232.3243,1499.84,348.4486
351,84,3,84,0.550191,0.421222,1000.0,231.7527,1499.84,347.5914
352,84,4,84,0.550191,0.420186,1000.0,231.1826,1499.84,346.7362
353,84,5,84,0.550191,0.419152,1000.0,230.6138,1499.84,345.8832
354,84,6,84,0.550191,0.418121,1000.0,230.0465,1499.84,345.0323
355,84,7,84,0.550191,0.417092,1000.0,229.4805,1499.84,344.1834
356,84,8,84,0.550191,0.416066,1000.0,228.9159,1499.84,343.3366
357,84,9,84,0.550191,0.415042,1000.0,228.3528,1499.84,342.4920
358,84,10,84,0.550191,0.414021,1000.0,227.7910,1499.84,341.6494
359,84,11,84,0.550191,0.413003,1000.0,227.2306,1499.84,340.8088
360,85,0,85,0.513604,0.411987,1000.0,211.5979,1499.84,317.3624
361,85,1,85,0.513604,0.410973,1000.0,211.0773,1499.84,316.5816
362,85,2,85,0.513604,0.409962,1000.0,210.5580,1499.84,315.8027
363,85,3,85,0.513604,0.408954,1000.0,210.0400,1499.84,315.0258
364,85,4,85,0.513604,0.407947,1000.0,209.5232,1499.84,314.2508
365,85,5,85,0.513604,0.406944,1000.0,209.0078,1499.84,313.4776
366,85,6,85,0.513604,0.405943,1000.0,208.4936,1499.84,312.7064
367,85,7,85,0.513604,0.404944,1000.0,207.9806,1499.84,311.9371
368,85,8,85,0.513604,0.403948,1000.0,207.4690,1499.84,311.1697
369,85,9,85,0.513604,0.402954,1000.0,206.9585,1499.84,310.4041
370,85,10,85,0.513604,0.401963,1000.0,206.4494,1499.84,309.6405
371,85,11,85,0.513604,0.400974,1000.0,205.9415,1499.84,308.8787
372,86,0,86,0.475546,0.399987,1000.0,190.2121,1499.84,285.2872
373,86,1,86,0.475546,0.399003,1000.0,189.7441,1499.84,284.5853
374,86,2,86,0.475546,0.398021,1000.0,189.2773,1499.84,283.8852
375,86,3,86,0.475546,0.397042,1000.0,188.8117,1499.84,283.1868
376,86,4,86,0.475546,0.396065,1000.0,188.3472,1499.84,282.4901
377,86,5,86,0.475546,0.395091,1000.0,187.8838,1499.84,281.7951
378,86,6,86,0.475546,0.394119,1000.0,187.4216,1499.84,281.1018
379,86,7,86,0.475546,0.393149,1000.0,186.9605,1499.84,280.4103
380,86,8,86,0.475546,0.392182,1000.0,186.5005,1499.84,279.7204
381,86,9,86,0.475546,0.391217,1000.0,186.0417,1499.84,279.0322
382,86,10,86,0.475546,0.390255,1000.0,185.5840,1499.84,278.3457
383,86,11,86,0.475546,0.389295,1000.0,185.1274,1499.84,277.6610
384,87,0,87,0.435219,0.388337,1000.0,169.0118,1499.84,253.4901
385,87,1,87,0.435219,0.387382,1000.0,168.5960,1499.84,252.8665
386,87,2,87,0.435219,0.386429,1000.0,168.1812,1499.84,252.2444
387,87,3,87,0.435219,0.385478,1000.0,167.7674,1499.84,251.6238
388,87,4,87,0.435219,0.384530,1000.0,167.3547,1499.84,251.0048
389,87,5,87,0.435219,0.383584,1000.0,166.9430,1499.84,250.3873
390,87,6,87,0.435219,0.382640,1000.0,166.5322,1499.84,249.7712
391,87,7,87,0.435219,0.381698,1000.0,166.1225,1499.84,249.1568
392,87,8,87,0.435219,0.380759,1000.0,165.7138,1499.84,248.5438
393,87,9,87,0.435219,0.379823,1000.0,165.3062,1499.84,247.9323
394,87,10,87,0.435219,0.378888,1000.0,164.8995,1499.84,247.3224
395,87,11,87,0.435219,0.377956,1000.0,164.4938,1499.84,246.7139
396,88,0,88,0.394048,0.377026,1000.0,148.5663,1499.84,222.8252
397,88,1,88,0.394048,0.376099,1000.0,148.2008,1499.84,222.2770
398,88,2,88,0.394048,0.375173,1000.0,147.8362,1499.84,221.7302
399,88,3,88,0.394048,0.374250,1000.0,147.4724,1499.84,221.1847
400,88,4,88,0.394048,0.373330,1000.0,147.1096,1499.84,220.6405
401,88,5,88,0.394048,0.372411,1000.0,146.7477,1499.84,220.0977
402,88,6,88,0.394048,0.371495,1000.0,146.3867,1499.84,219.5562
403,88,7,88,0.394048,0.370581,1000.0,146.0265,1499.84,219.0160
404,88,8,88,0.394048,0.369669,1000.0,145.6673,1499.84,218.4772
405,88,9,88,0.394048,0.368760,1000.0,145.3089,1499.84,217.9397
406,88,10,88,0.394048,0.367853,1000.0,144.9514,1499.84,217.4036
407,88,11,88,0.394048,0.366948,1000.0,144.5948,1499.84,216.8687
408,89,0,89,0.352397,0.366045,1000.0,128.9930,1499.84,193.4685
409,89,1,89,0.352397,0.365144,1000.0,128.6757,1499.84,192.9926
410,89,2,89,0.352397,0.364246,1000.0,128.3591,1499.84,192.5178
411,89,3,89,0.352397,0.363350,1000.0,128.0433,1499.84,192.0441
412,89,4,89,0.352397,0.362456,1000.0,127.7283,1499.84,191.5717
413,89,5,89,0.352397,0.361564,1000.0,127.4141,1499.84,191.1004
414,89,6,89,0.352397,0.360675,1000.0,127.1006,1499.84,190.6302
415,89,7,89,0.352397,0.359787,1000.0,126.7879,1499.84,190.1612
416,89,8,89,0.352397,0.358902,1000.0,126.4760,1499.84,189.6934
417,89,9,89,0.352397,0.358019,1000.0,126.1648,1499.84,189.2267
418,89,10,89,0.352397,0.357139,1000.0,125.8544,1499.84,188.7612
419,89,11,89,0.352397,0.356260,1000.0,125.5448,1499.84,188.2968
420,90,0,90,0.310779,0.355383,1000.0,110.4456,1499.84,165.6504
421,90,1,90,0.310779,0.354509,1000.0,110.1739,1499.84,165.2429
422,90,2,90,0.310779,0.353637,1000.0,109.9028,1499.84,164.8363
423,90,3,90,0.310779,0.352767,1000.0,109.6324,1499.84,164.4308
424,90,4,90,0.310779,0.351899,1000.0,109.3627,1499.84,164.0263
425,90,5,90,0.310779,0.351033,1000.0,109.0937,1499.84,163.6227
426,90,6,90,0.310779,0.350170,1000.0,108.8253,1499.84,163.2202
427,90,7,90,0.310779,0.349308,1000.0,108.5575,1499.84,162.8186
428,90,8,90,0.310779,0.348449,1000.0,108.2905,1499.84,162.4181
429,90,9,90,0.310779,0.347592,1000.0,108.0240,1499.84,162.0185
430,90,10,90,0.310779,0.346736,1000.0,107.7583,1499.84,161.6199
431,90,11,90,0.310779,0.345883,1000.0,107.4932,1499.84,161.2223
432,91,0,91,0.269694,0.345032,1000.0,93.0531,1499.84,139.5645
433,91,1,91,0.269694,0.344184,1000.0,92.8241,1499.84,139.2211
434,91,2,91,0.269694,0.343337,1000.0,92.5958,1499.84,138.8786
435,91,3,91,0.269694,0.342492,1000.0,92.3680,1499.84,138.5369
436,91,4,91,0.269694,0.341650,1000.0,92.1407,1499.84,138.1961
437,91,5,91,0.269694,0.340809,1000.0,91.9140,1499.84,137.8561
438,91,6,91,0.269694,0.339971,1000.0,91.6879,1499.84,137.5170
439,91,7,91,0.269694,0.339134,1000.0,91.4624,1499.84,137.1786
440,91,8,91,0.269694,0.338300,1000.0,91.2373,1499.84,136.8412
441,91,9,91,0.269694,0.337468,1000.0,91.0129,1499.84,136.5045
442,91,10,91,0.269694,0.336637,1000.0,90.7890,1499.84,136.1687
443,91,11,91,0.269694,0.335809,1000.0,90.5656,1499.84,135.8337
444,92,0,92,0.227675,0.334983,1000.0,76.2674,1499.84,114.3887
445,92,1,92,0.227675,0.334159,1000.0,76.0798,1499.84,114.1072
446,92,2,92,0.227675,0.333337,1000.0,75.8926,1499.84,113.8265
447,92,3,92,0.227675,0.332517,1000.0,75.7059,1499.84,113.5465
448,92,4,92,0.227675,0.331699,1000.0,75.5196,1499.84,113.2671
449,92,5,92,0.227675,0.330883,1000.0,75.3338,1499.84,112.9885
450,92,6,92,0.227675,0.330068,1000.0,75.1485,1499.84,112.7105
451,92,7,92,0.227675,0.329256,1000.0,74.9636,1499.84,112.4332
452,92,8,92,0.227675,0.328446,1000.0,74.7792,1499.84,112.1566
453,92,9,92,0.227675,0.327638,1000.0,74.5952,1499.84,111.8807
454,92,10,92,0.227675,0.326832,1000.0,74.4117,1499.84,111.6054
455,92,11,92,0.227675,0.326028,1000.0,74.2286,1499.84,111.3309
456,93,0,93,0.188242,0.325226,1000.0,61.2212,1499.84,91.8219
457,93,1,93,0.188242,0.324426,1000.0,61.0706,1499.84,91.5960
458,93,2,93,0.188242,0.323628,1000.0,60.9204,1499.84,91.3706
459,93,3,93,0.188242,0.322832,1000.0,60.7705,1499.84,91.1459
460,93,4,93,0.188242,0.322037,1000.0,60.6210,1499.84,90.9216
461,93,5,93,0.188242,0.321245,1000.0,60.4719,1499.84,90.6979
462,93,6,93,0.188242,0.320455,1000.0,60.3231,1499.84,90.4748
463,93,7,93,0.188242,0.319666,1000.0,60.1747,1499.84,90.2522
464,93,8,93,0.188242,0.318880,1000.0,60.0266,1499.84,90.0302
465,93,9,93,0.188242,0.318096,1000.0,59.8790,1499.84,89.8087
466,93,10,93,0.188242,0.317313,1000.0,59.7316,1499.84,89.5877
467,93,11,93,0.188242,0.316532,1000.0,59.5847,1499.84,89.3673
468,94,0,94,0.152175,0.315754,1000.0,48.0498,1499.84,72.0668
469,94,1,94,0.152175,0.314977,1000.0,47.9315,1499.84,71.8895
470,94,2,94,0.152175,0.314202,1000.0,47.8136,1499.84,71.7127
471,94,3,94,0.152175,0.313429,1000.0,47.6960,1499.84,71.5362
472,94,4,94,0.152175,0.312658,1000.0,47.5787,1499.84,71.3602
473,94,5,94,0.152175,0.311889,1000.0,47.4616,1499.84,71.1847
474,94,6,94,0.152175,0.311121,1000.0,47.3448,1499.84,71.0095
475,94,7,94,0.152175,0.310356,1000.0,47.2284,1499.84,70.8348
476,94,8,94,0.152175,0.309592,1000.0,47.1122,1499.84,70.6606
477,94,9,94,0.152175,0.308831,1000.0,46.9963,1499.84,70.4867
478,94,10,94,0.152175,0.308071,1000.0,46.8806,1499.84,70.3133
479,94,11,94,0.152175,0.307313,1000.0,46.7653,1499.84,70.1403
480,95,0,95,0.120066,0.306557,1000.0,36.8070,1499.84,55.2046
481,95,1,95,0.120066,0.305803,1000.0,36.7165,1499.84,55.0688
482,95,2,95,0.120066,0.305050,1000.0,36.6262,1499.84,54.9333
483,95,3,95,0.120066,0.304300,1000.0,36.5361,1499.84,54.7981
484,95,4,95,0.120066,0.303551,1000.0,36.4462,1499.84,54.6633
485,95,5,95,0.120066,0.302804,1000.0,36.3565,1499.84,54.5288
486,95,6,95,0.120066,0.302059,1000.0,36.2671,1499.84,54.3947
487,95,7,95,0.120066,0.301316,1000.0,36.1778,1499.84,54.2609
488,95,8,95,0.120066,0.300575,1000.0,36.0888,1499.84,54.1274
489,95,9,95,0.120066,0.299836,1000.0,36.0000,1499.84,53.9942
490,95,10,95,0.120066,0.299098,1000.0,35.9115,1499.84,53.8614
491,95,11,95,0.120066,0.298362,1000.0,35.8231,1499.84,53.7289
492,96,0,96,0.091995,0.297628,1000.0,27.3802,1499.84,41.0658
493,96,1,96,0.091995,0.296896,1000.0,27.3128,1499.84,40.9647
494,96,2,96,0.091995,0.296165,1000.0,27.2456,1499.84,40.8640
495,96,3,96,0.091995,0.295437,1000.0,27.1786,1499.84,40.7634
496,96,4,96,0.091995,0.294710,1000.0,27.1117,1499.84,40.6631
497,96,5,96,0.091995,0.293985,1000.0,27.0450,1499.84,40.5631
498,96,6,96,0.091995,0.293262,1000.0,26.9785,1499.84,40.4633
499,96,7,96,0.091995,0.292540,1000.0,26.9121,1499.84,40.3638
500,96,8,96,0.091995,0.291820,1000.0,26.8459,1499.84,40.2645
501,96,9,96,0.091995,0.291102,1000.0,26.7798,1499.84,40.1654
502,96,10,96,0.091995,0.290386,1000.0,26.7140,1499.84,40.0666
503,96,11,96,0.091995,0.289672,1000.0,26.6482,1499.84,39.9680
504,97,0,97,0.068564,0.288959,1000.0,19.8121,1499.84,29.7149
505,97,1,97,0.068564,0.288248,1000.0,19.7633,1499.84,29.6418
506,97,2,97,0.068564,0.287539,1000.0,19.7147,1499.84,29.5688
507,97,3,97,0.068564,0.286832,1000.0,19.6662,1499.84,29.4961
508,97,4,97,0.068564,0.286126,1000.0,19.6178,1499.84,29.4235
509,97,5,97,0.068564,0.285422,1000.0,19.5696,1499.84,29.3511
510,97,6,97,0.068564,0.284720,1000.0,19.5214,1499.84,29.2789
511,97,7,97,0.068564,0.284020,1000.0,19.4734,1499.84,29.2069
512,97,8,97,0.068564,0.283321,1000.0,19.4255,1499.84,29.1350
513,97,9,97,0.068564,0.282624,1000.0,19.3777,1499.84,29.0634
514,97,10,97,0.068564,0.281928,1000.0,19.3300,1499.84,28.9919
515,97,11,97,0.068564,0.281235,1000.0,19.2825,1499.84,28.9205
516,98,0,98,0.049633,0.280543,1000.0,13.9242,1499.84,20.8841
517,98,1,98,0.049633,0.279853,1000.0,13.8900,1499.84,20.8327
518,98,2,98,0.049633,0.279164,1000.0,13.8558,1499.84,20.7814
519,98,3,98,0.049633,0.278477,1000.0,13.8217,1499.84,20.7303
520,98,4,98,0.049633,0.277792,1000.0,13.7877,1499.84,20.6793
521,98,5,98,0.049633,0.277109,1000.0,13.7538,1499.84,20.6284
522,98,6,98,0.049633,0.276427,1000.0,13.7200,1499.84,20.5777
523,98,7,98,0.049633,0.275747,1000.0,13.6862,1499.84,20.5271
524,98,8,98,0.049633,0.275069,1000.0,13.6525,1499.84,20.4766
525,98,9,98,0.049633,0.274392,1000.0,13.6189,1499.84,20.4262
526,98,10,98,0.049633,0.273717,1000.0,13.5854,1499.84,20.3759
527,98,11,98,0.049633,0.273044,1000.0,13.5520,1499.84,20.3258
528,99,0,99,0.034842,0.272372,1000.0,9.4901,1499.84,14.2336
529,99,1,99,0.034842,0.271702,1000.0,9.4668,1499.84,14.1986
530,99,2,99,0.034842,0.271033,1000.0,9.4435,1499.84,14.1637
531,99,3,99,0.034842,0.270366,1000.0,9.4202,1499.84,14.1288
532,99,4,99,0.034842,0.269701,1000.0,9.3971,1499.84,14.0941
533,99,5,99,0.034842,0.269038,1000.0,9.3739,1499.84,14.0594
534,99,6,99,0.034842,0.268376,1000.0,9.3509,1499.84,14.0248
535,99,7,99,0.034842,0.267716,1000.0,9.3279,1499.84,13.9903
536,99,8,99,0.034842,0.267057,1000.0,9.3049,1499.84,13.9559
537,99,9,99,0.034842,0.266400,1000.0,9.2820,1499.84,13.9215
538,99,10,99,0.034842,0.265745,1000.0,9.2592,1499.84,13.8873
539,99,11,99,0.034842,0.265091,1000.0,9.2364,1499.84,13.8531
540,100,0,100,0.023686,0.264439,1000.0,6.2635,1499.84,9.3942
541,100,1,100,0.023686,0.263788,1000.0,6.2481,1499.84,9.3711
542,100,2,100,0.023686,0.263139,1000.0,6.2327,1499.84,9.3480
543,100,3,100,0.023686,0.262492,1000.0,6.2174,1499.84,9.3250
544,100,4,100,0.023686,0.261846,1000.0,6.2021,1499.84,9.3021
545,100,5,100,0.023686,0.261202,1000.0,6.1868,1499.84,9.2792
546,100,6,100,0.023686,0.260559,1000.0,6.1716,1499.84,9.2564
547,100,7,100,0.023686,0.259918,1000.0,6.1564,1499.84,9.2336
548,100,8,100,0.023686,0.259279,1000.0,6.1413,1499.84,9.2109
549,100,9,100,0.023686,0.258641,1000.0,6.1261,1499.84,9.1882
550,100,10,100,0.023686,0.258004,1000.0,6.1111,1499.84,9.1656
551,100,11,100,0.023686,0.257370,1000.0,6.0960,1499.84,9.1431
552,101,0,101,0.015576,0.256737,1000.0,3.9989,1499.84,5.9977
553,101,1,101,0.015576,0.256105,1000.0,3.9891,1499.84,5.9829
554,101,2,101,0.015576,0.255475,1000.0,3.9792,1499.84,5.9682
555,101,3,101,0.015576,0.254846,1000.0,3.9694,1499.84,5.9535
556,101,4,101,0.015576,0.254219,1000.0,3.9597,1499.84,5.9389
557,101,5,101,0.015576,0.253594,1000.0,3.9499,1499.84,5.9243
558,101,6,101,0.015576,0.252970,1000.0,3.9402,1499.84,5.9097
559,101,7,101,0.015576,0.252348,1000.0,3.9305,1499.84,5.8952
560,101,8,101,0.015576,0.251727,1000.0,3.9209,1499.84,5.8807
561,101,9,101,0.015576,0.251108,1000.0,3.9112,1499.84,5.8662
562,101,10,101,0.015576,0.250490,1000.0,3.9016,1499.84,5.8518
563,101,11,101,0.015576,0.249874,1000.0,3.8920,1499.84,5.8374
564,102,0,102,0.009743,0.249259,1000.0,2.4285,1499.84,3.6423
565,102,1,102,0.009743,0.248646,1000.0,2.4225,1499.84,3.6333
566,102,2,102,0.009743,0.248034,1000.0,2.4165,1499.84,3.6244
567,102,3,102,0.009743,0.247424,1000.0,2.4106,1499.84,3.6155
568,102,4,102,0.009743,0.246815,1000.0,2.4046,1499.84,3.6066
569,102,5,102,0.009743,0.246208,1000.0,2.3987,1499.84,3.5977
570,102,6,102,0.009743,0.245602,1000.0,2.3928,1499.84,3.5888
571,102,7,102,0.009743,0.244998,1000.0,2.3869,1499.84,3.5800
572,102,8,102,0.009743,0.244395,1000.0,2.3811,1499.84,3.5712
573,102,9,102,0.009743,0.243794,1000.0,2.3752,1499.84,3.5624
574,102,10,102,0.009743,0.243194,1000.0,2.3694,1499.84,3.5537
575,102,11,102,0.009743,0.242596,1000.0,2.3635,1499.84,3.5449
576,103,0,103,0.005878,0.241999,1000.0,1.4224,1499.84,2.1334
577,103,1,103,0.005878,0.241403,1000.0,1.4189,1499.84,2.1281
578,103,2,103,0.005878,0.240810,1000.0,1.4154,1499.84,2.1229
579,103,3,103,0.005878,0.240217,1000.0,1.4119,1499.84,2.1177
580,103,4,103,0.005878,0.239626,1000.0,1.4085,1499.84,2.1125
581,103,5,103,0.005878,0.239037,1000.0,1.4050,1499.84,2.1073
582,103,6,103,0.005878,0.238449,1000.0,1.4015,1499.84,2.1021
583,103,7,103,0.005878,0.237862,1000.0,1.3981,1499.84,2.0969
584,103,8,103,0.005878,0.237277,1000.0,1.3947,1499.84,2.0918
585,103,9,103,0.005878,0.236693,1000.0,1.3912,1499.84,2.0866
586,103,10,103,0.005878,0.236111,1000.0,1.3878,1499.84,2.0815
587,103,11,103,0.005878,0.235530,1000.0,1.3844,1499.84,2.0764
588,104,0,104,0.003419,0.234950,1000.0,0.8032,1499.84,1.2046
589,104,1,104,0.003419,0.234372,1000.0,0.8012,1499.84,1.2017
590,104,2,104,0.003419,0.233796,1000.0,0.7992,1499.84,1.1987
591,104,3,104,0.003419,0.233220,1000.0,0.7973,1499.84,1.1958
592,104,4,104,0.003419,0.232647,1000.0,0.7953,1499.84,1.1928
593,104,5,104,0.003419,0.232074,1000.0,0.7933,1499.84,1.1899
594,104,6,104,0.003419,0.231503,1000.0,0.7914,1499.84,1.1870
595,104,7,104,0.003419,0.230934,1000.0,0.7894,1499.84,1.1840
596,104,8,104,0.003419,0.230366,1000.0,0.7875,1499.84,1.1811
597,104,9,104,0.003419,0.229799,1000.0,0.7856,1499.84,1.1782
598,104,10,104,0.003419,0.229234,1000.0,0.7836,1499.84,1.1753
599,104,11,104,0.003419,0.228670,1000.0,0.7817,1499.84,1.1724
600,105,0,105,0.001917,0.228107,1000.0,0.4372,1499.84,0.6558
601,105,1,105,0.001917,0.227546,1000.0,0.4362,1499.84,0.6542
602,105,2,105,0.001917,0.226986,1000.0,0.4351,1499.84,0.6525
603,105,3,105,0.001917,0.226428,1000.0,0.4340,1499.84,0.6509
604,105,4,105,0.001917,0.225871,1000.0,0.4329,1499.84,0.6493
605,105,5,105,0.001917,0.225315,1000.0,0.4319,1499.84,0.6477
606,105,6,105,0.001917,0.224761,1000.0,0.4308,1499.84,0.6461
607,105,7,105,0.001917,0.224208,1000.0,0.4298,1499.84,0.6446
608,105,8,105,0.001917,0.223656,1000.0,0.4287,1499.84,0.6430
609,105,9,105,0.001917,0.223106,1000.0,0.4276,1499.84,0.6414
610,105,10,105,0.001917,0.222557,1000.0,0.4266,1499.84,0.6398
611,105,11,105,0.001917,0.222009,1000.0,0.4255,1499.84,0.6382
612,106,0,106,0.001036,0.221463,1000.0,0.2295,1499.84,0.3442
613,106,1,106,0.001036,0.220918,1000.0,0.2289,1499.84,0.3433
614,106,2,106,0.001036,0.220375,1000.0,0.2284,1499.84,0.3425
615,106,3,106,0.001036,0.219833,1000.0,0.2278,1499.84,0.3416
616,106,4,106,0.001036,0.219292,1000.0,0.2272,1499.84,0.3408
617,106,5,106,0.001036,0.218752,1000.0,0.2267,1499.84,0.3400
618,106,6,106,0.001036,0.218214,1000.0,0.2261,1499.84,0.3391
619,106,7,106,0.001036,0.217677,1000.0,0.2256,1499.84,0.3383
620,106,8,106,0.001036,0.217142,1000.0,0.2250,1499.84,0.3375
621,106,9,106,0.001036,0.216608,1000.0,0.2244,1499.84,0.3366
622,106,10,106,0.001036,0.216075,1000.0,0.2239,1499.84,0.3358
623,106,11,106,0.001036,0.215543,1000.0,0.2233,1499.84,0.3350
624,107,0,107,0.000540,0.215013,1000.0,0.1162,1499.84,0.1743
625,107,1,107,0.000540,0.214484,1000.0,0.1159,1499.84,0.1739
626,107,2,107,0.000540,0.213956,1000.0,0.1156,1499.84,0.1734
627,107,3,107,0.000540,0.213430,1000.0,0.1154,1499.84,0.1730
628,107,4,107,0.000540,0.212905,1000.0,0.1151,1499.84,0.1726
629,107,5,107,0.000540,0.212381,1000.0,0.1148,1499.84,0.1722
630,107,6,107,0.000540,0.211858,1000.0,0.1145,1499.84,0.1717
631,107,7,107,0.000540,0.211337,1000.0,0.1142,1499.84,0.1713
632,107,8,107,0.000540,0.210817,1000.0,0.1139,1499.84,0.1709
633,107,9,107,0.000540,0.210299,1000.0,0.1137,1499.84,0.1705
634,107,10,107,0.000540,0.209781,1000.0,0.1134,1499.84,0.1701
635,107,11,107,0.000540,0.209265,1000.0,0.1131,1499.84,0.1696
636,108,0,108,0.000272,0.208750,1000.0,0.0568,1499.84,0.0852
637,108,1,108,0.000272,0.208237,1000.0,0.0567,1499.84,0.0850
638,108,2,108,0.000272,0.207724,1000.0,0.0566,1499.84,0.0848
639,108,3,108,0.000272,0.207213,1000.0,0.0564,1499.84,0.0846
640,108,4,108,0.000272,0.206704,1000.0,0.0563,1499.84,0.0844
641,108,5,108,0.000272,0.206195,1000.0,0.0561,1499.84,0.0842
642,108,6,108,0.000272,0.205688,1000.0,0.0560,1499.84,0.0840
643,108,7,108,0.000272,0.205182,1000.0,0.0559,1499.84,0.0838
644,108,8,108,0.000272,0.204677,1000.0,0.0557,1499.84,0.0836
645,108,9,108,0.000272,0.204173,1000.0,0.0556,1499.84,0.0834
646,108,10,108,0.000272,0.203671,1000.0,0.0554,1499.84,0.0832
647,108,11,108,0.000272,0.203170,1000.0,0.0553,1499.84,0.0830
648,109,0,109,0.000133,0.202670,1000.0,0.0269,1499.84,0.0403
649,109,1,109,0.000133,0.202172,1000.0,0.0268,1499.84,0.0402
650,109,2,109,0.000133,0.201674,1000.0,0.0267,1499.84,0.0401
651,109,3,109,0.000133,0.201178,1000.0,0.0267,1499.84,0.0400
652,109,4,109,0.000133,0.200683,1000.0,0.0266,1499.84,0.0399
653,109,5,109,0.000133,0.200189,1000.0,0.0265,1499.84,0.0398
654,109,6,109,0.000133,0.199697,1000.0,0.0265,1499.84,0.0397
655,109,7,109,0.000133,0.199206,1000.0,0.0264,1499.84,0.0396
656,109,8,109,0.000133,0.198715,1000.0,0.0263,1499.84,0.0395
657,109,9,109,0.000133,0.198227,1000.0,0.0263,1499.84,0.0394
658,109,10,109,0.000133,0.197739,1000.0,0.0262,1499.84,0.0393
659,109,11,109,0.000133,0.197252,1000.0,0.0261,1499.84,0.0392
660,110,0,110,0.000062,0.196767,1000.0,0.0123,1499.84,0.0184
661,110,1,110,0.000062,0.196283,1000.0,0.0123,1499.84,0.0184
662,110,2,110,0.000062,0.195800,1000.0,0.0122,1499.84,0.0183
663,110,3,110,0.000062,0.195318,1000.0,0.0122,1499.84,0.0183
664,110,4,110,0.000062,0.194838,1000.0,0.0122,1499.84,0.0183
665,110,5,110,0.000062,0.194359,1000.0,0.0121,1499.84,0.0182
666,110,6,110,0.000062,0.193880,1000.0,0.0121,1499.84,0.0182
667,110,7,110,0.000062,0.193403,1000.0,0.0121,1499.84,0.0181
668,110,8,110,0.000062,0.192928,1000.0,0.0121,1499.84,0.0181
669,110,9,110,0.000062,0.192453,1000.0,0.0120,1499.84,0.0180
670,110,10,110,0.000062,0.191980,1000.0,0.0120,1499.84,0.0180
671,110,11,110,0.000062,0.191507,1000.0,0.0120,1499.84,0.0179
672,111,0,111,0.000000,0.191036,1000.0,0.0000,1499.84,0.0000
673,111,1,111,0.000000,0.190566,1000.0,0.0000,1499.84,0.0000
674,111,2,111,0.000000,0.190097,1000.0,0.0000,1499.84,0.0000
675,111,3,111,0.000000,0.189630,1000.0,0.0000,1499.84,0.0000
676,111,4,111,0.000000,0.189163,1000.0,0.0000,1499.84,0.0000
677,111,5,111,0.000000,0.188698,1000.0,0.0000,1499.84,0.0000
678,111,6,111,0.000000,0.188233,1000.0,0.0000,1499.84,0.0000
679,111,7,111,0.000000,0.187770,1000.0,0.0000,1499.84,0.0000
680,111,8,111,0.000000,0.187308,1000.0,0.0000,1499.84,0.0000
681,111,9,111,0.000000,0.186848,1000.0,0.0000,1499.84,0.0000
682,111,10,111,0.000000,0.186388,1000.0,0.0000,1499.84,0.0000
683,111,11,111,0.000000,0.185929,1000.0,0.0000,1499.84,0.0000
684,112,0,112,0.000000,0.185472,1000.0,0.0000,1499.84,0.0000
685,112,1,112,0.000000,0.185016,1000.0,0.0000,1499.84,0.0000
686,112,2,112,0.000000,0.184560,1000.0,0.0000,1499.84,0.0000
687,112,3,112,0.000000,0.184106,1000.0,0.0000,1499.84,0.0000
688,112,4,112,0.000000,0.183653,1000.0,0.0000,1499.84,0.0000
689,112,5,112,0.000000,0.183202,1000.0,0.0000,1499.84,0.0000
690,112,6,112,0.000000,0.182751,1000.0,0.0000,1499.84,0.0000
691,112,7,112,0.000000,0.182301,1000.0,0.0000,1499.84,0.0000
692,112,8,112,0.000000,0.181853,1000.0,0.0000,1499.84,0.0000
693,112,9,112,0.000000,0.181405,1000.0,0.0000,1499.84,0.0000
694,112,10,112,0.000000,0.180959,1000.0,0.0000,1499.84,0.0000
695,112,11,112,0.000000,0.180514,1000.0,0.0000,1499.84,0.0000
696,113,0,113,0.000000,0.180070,1000.0,0.0000,1499.84,0.0000
697,113,1,113,0.000000,0.179627,1000.0,0.0000,1499.84,0.0000
698,113,2,113,0.000000,0.179185,1000.0,0.0000,1499.84,0.0000
699,113,3,113,0.000000,0.178744,1000.0,0.0000,1499.84,0.0000
700,113,4,113,0.000000,0.178304,1000.0,0.0000,1499.84,0.0000
701,113,5,113,0.000000,0.177866,1000.0,0.0000,1499.84,0.0000
702,113,6,113,0.000000,0.177428,1000.0,0.0000,1499.84,0.0000
703,113,7,113,0.000000,0.176992,1000.0,0.0000,1499.84,0.0000
704,113,8,113,0.000000,0.176556,1000.0,0.0000,1499.84,0.0000
705,113,9,113,0.000000,0.176122,1000.0,0.0000,1499.84,0.0000
706,113,10,113,0.000000,0.175688,1000.0,0.0000,1499.84,0.0000
707,113,11,113,0.000000,0.175256,1000.0,0.0000,1499.84,0.0000
708,114,0,114,0.000000,0.174825,1000.0,0.0000,1499.84,0.0000
709,114,1,114,0.000000,0.174395,1000.0,0.0000,1499.84,0.0000
710,114,2,114,0.000000,0.173966,1000.0,0.0000,1499.84,0.0000
711,114,3,114,0.000000,0.173538,1000.0,0.0000,1499.84,0.0000
712,114,4,114,0.000000,0.173111,1000.0,0.0000,1499.84,0.0000
713,114,5,114,0.000000,0.172685,1000.0,0.0000,1499.84,0.0000
714,114,6,114,0.000000,0.172260,1000.0,0.0000,1499.84,0.0000
715,114,7,114,0.000000,0.171836,1000.0,0.0000,1499.84,0.0000
716,114,8,114,0.000000,0.171414,1000.0,0.0000,1499.84,0.0000
717,114,9,114,0.000000,0.170992,1000.0,0.0000,1499.84,0.0000
718,114,10,114,0.000000,0.170571,1000.0,0.0000,1499.84,0.0000
719,114,11,114,0.000000,0.170152,1000.0,0.0000,1499.84,0.0000
